text_comment,publish_data,sentiment,score
"–í –∏—Ç–æ–≥–µ, —É–≤–∞–∂–∞–µ–º—ã–µ  –í –∫–∞–∫–æ–π –ª–∏—Ç–µ—Ä–∞—Ç—É—Ä–µ –µ—Å—Ç—å –º–∞—Ç–µ–º–∞—Ç–∏—á–µ—Å–∫–∏–π –∞–Ω–∞–ª–∏–∑?  –ö—Ä–æ–µ –¢–æ–º–∞—Å–∞ –ù–∏–ª–¥",2023-12-16T11:57:32Z,NEGATIVE,0.751556932926178
"–î–æ–±—Ä–æ–≥–æ –≤—Ä–µ–º–µ–Ω–∏ —Å—É—Ç–æ–∫! –†–µ—à–∏–ª –ø–æ–≥—Ä—É–∑–∏—Ç—å—Å—è –≤ —Ç–µ–º—É –ø—Ä–∞–∫—Ç–∏—á–µ—Å–∫–∏ —Å –Ω—É–ª—è. –ù–∞ –±–∞–∑–æ–≤–æ–º —É—Ä–æ–≤–Ω–µ –æ—Å–≤–æ–∏–ª python. –°–µ–π—á–∞—Å –∑–∞–∫–∞–∑—ã–≤–∞—é –∫–Ω–∏–≥–∏ –∏–∑ –í–∞—à–µ–≥–æ —Ç–æ–ø–∞. ""–ü—Ä–æ–µ–∫—Ç–∏—Ä–æ–≤–∞–Ω–∏–µ —Å–∏—Å—Ç–µ–º –º–∞—à–∏–Ω–Ω–æ–≥–æ –æ–±—É—á–µ–Ω–∏—è"" –ß–∏–ø –•—é–π–µ–Ω - —É–∂–µ –µ—Å—Ç—å –Ω–∞ —Ä—É—Å—Å–∫–æ–º, —É—Ä–∞!) –ë–ª–∞–≥–æ–¥–∞—Ä—é –∑–∞ –ø—Ä–æ—Å–≤–µ—Ç–∏—Ç–µ–ª—å—Å–∫–∏–µ —Ç—Ä—É–¥—ã)",2023-09-23T21:00:13Z,POSITIVE,0.9799962043762207
"–ó–¥—Ä–∞–≤—Å—Ç–≤—É–π—Ç–µ. –ê –Ω–µ –º–æ–≥–ª–∏ –±—ã –≤—ã –ø–æ–¥—Å–∫–∞–∑–∞—Ç—å –∫–∞–∫—É—é –Ω–∏–±—É–¥—å –∞–ª—å—Ç–µ—Ä–Ω–∞—Ç–∏–≤—É –ø–µ—Ä–≤–æ–π –∫–Ω–∏–≥–µ –≤ –≤–∏–¥–µ–æ, –∫–∞—Å–∞—é—â–∏–π—Å—è –º–∞—Ç–µ–º–∞—Ç–∏–∫–∏ –≤ data science, –Ω–æ –Ω–∞ —Ä—É—Å—Å–∫–æ–º —è–∑—ã–∫–µ?",2023-05-02T15:40:37Z,NEUTRAL,0.8072439432144165
"–î—É–º–∞—é –ø–∏—Ç–æ–Ω - —ç—Ç–æ –≤—á–µ—Ä–∞—à–Ω–∏–π –¥–µ–Ω—å. –ê –≥–¥–µ –∫–Ω–∏–≥–∞ –Ω–∞–ø–∏—Å–∞–Ω–∞ –Ω–µ–π—Ä–æ—Å–µ—Ç—å—é –ø—Ä–æ–º—Ç–∏–Ω–≥–µ  - –≠—Ç–æ —Å–ª–æ–≤–æ –º–Ω–µ –≤–æ–æ–±—â–µ –ü—Ä–∏—à–ª–æ—Å—å –Ω–∞–ø–∏—Å–∞—Ç—å —Ä—É–∫–∞–º–∏. –†–∞—Å–ø–æ–∑–Ω–∞–Ω–∏–µ —Ä–µ—á–∏ –µ–≥–æ –µ—â—ë –Ω–µ –ø–æ–Ω–∏–º–∞–µ—Ç. –ê –≤—á–µ—Ä–∞ —Å–ø—Ä–∞—à–∏–≤–∞–ª —É –æ–¥–Ω–æ–π –Ω–µ–π—Ä–æ—Å–µ—Ç–∏ –í –Ω–∞—á–∞–ª–µ –≤—ã–¥–∞–ª–∞ –º–Ω–µ –∫–Ω–∏–≥–∏ –∫–æ—Ç–æ—Ä—ã–µ –Ω–∞–ø–∏—Å–∞–Ω—ã –ø—Ä–æ –Ω–µ–π—Ä–æ—Å–µ—Ç–∏, –ü–æ—Ç–æ–º –ø–æ –∏–∑–≤–∏–Ω—è–ª–∞—Å—å –ò —Å–∫–∞–∑–∞–ª–∞ —á—Ç–æ –¢–∞–∫–∏—Ö –∫–Ω–∏–≥ –Ω–µ—Ç",2023-03-30T15:16:45Z,NEGATIVE,0.7514768838882446
"–ê–Ω–∞—Å—Ç–∞—Å–∏—è, –ø–æ–¥—Å–∫–∞–∂–∏—Ç–µ –ø–æ–∂–∞–ª—É–π—Å—Ç–∞, –≤ –∫–∞–∫–æ–π –ø–æ—Ä—è–¥–∫–µ –∏–∑—É—á–∞—Ç—å —ç—Ç–∏ –∫–Ω–∏–≥–∏, –∏–ª–∏ –≤ —Ç–æ–º –ø–æ—Ä—è–¥–∫–µ –≤ –∫–∞–∫–æ–º –≤ –≤–∏–¥–µ–æ? –ò –∫–∞–∂–¥–∞—è —Ç—É—Ç –∫–Ω–∏–≥–∞ —Ä–∞–∑–Ω–∞—è –ø–æ —Ç–µ–º–µ, –∏–ª–∏ –µ—Å—Ç—å –Ω–µ–∫–æ—Ç–æ—Ä—ã–µ, –∫–æ—Ç–æ—Ä—ã–µ –Ω–µ –æ–±—è–∑–∞—Ç–µ–ª—å–Ω–æ —á–∏—Ç–∞—Ç—å –ø–æ—Å–ª–µ –ø—Ä–æ—á—Ç–µ–Ω–∏–µ –¥—Ä—É–≥–æ–π(–Ω–∞–ø—Ä–∏–º–µ—Ä –∏–∑-–∑–∞ –ø–æ—á—Ç–∏ –æ–¥–Ω–æ–π –∏ —Ç–æ–π –∂–µ –∏–Ω—Ñ–æ—Ä–º–∞—Ü–∏–∏)",2022-12-14T23:01:19Z,NEUTRAL,0.8253567218780518
"–í –æ–ø–∏—Å–∞–Ω–∏–∏ –∑–∞–¥–≤–∞–∏–≤–∞–µ—Ç—Å—è ""01:35 –ö–æ–º—É –±—É–¥–µ—Ç –ø–æ–ª–µ–∑–Ω–∞ –∫–Ω–∏–≥–∞ Essential Math for Data Science""",2022-11-27T23:21:00Z,NEUTRAL,0.815131425857544
"–ù–∞–ø–∏—à—É –Ω–µ–±–æ–ª—å—à–æ–π –æ—Ç–∑—ã–≤ –æ –∫–Ω–∏–≥–µ essential math for ds: —Ç–∞–∫ –≤–æ—Ç, –∫–Ω–∏–≥–∞ –¥–µ–π—Å—Ç–≤–∏—Ç–µ–ª—å–Ω–æ –Ω–∞–ø–∏—Å–∞–Ω–æ –ø—Ä–æ—Å—Ç–æ –∏ –Ω–µ–ø—Ä–∏–Ω—É–∂–¥–µ–Ω–Ω–æ, –µ–µ –ª–µ–≥–∫–æ —á–∏—Ç–∞—Ç—å –∫–∞–∫ –≤–ø–æ–ª–Ω–µ —Å–µ–±–µ —Ö—É–¥–æ–∂–µ—Å—Ç–≤–µ–Ω–Ω—É—é –ª–∏—Ç–µ—Ä–∞—Ç—É—Ä—É, —Å –æ–¥–Ω–∏–º ""–Ω–æ"": –µ—Å–ª–∏ –≤—ã –∫–æ–≥–¥–∞-—Ç–æ —ç—Ç–æ –ø—Ä–æ—Ö–æ–¥–∏–ª–∏ –∏ –≤–∞–º –Ω—É —Ö–æ—Ç—å –ø—Ä–∏–º–µ—Ä–Ω–æ —ç—Ç–æ –≤—Å—ë –∑–Ω–∞–∫–æ–º–æ. –£ –º–µ–Ω—è –≤ —É–Ω–∏–≤–µ—Ä–µ –±—ã–ª –∫—É—Ä—Å ""–æ–±—Ä–∞–±–æ—Ç–∫–∞ —Ä–µ–∑—É–ª—å—Ç–∞—Ç–æ–≤ –∏–∑–º–µ—Ä–µ–Ω–∏–π"", –≤–ø–æ–ª–Ω–µ —Å–µ–±–µ —Ö–æ—Ä–æ—à–∏–π –∫—É—Ä—Å, —è –±—ã –¥–∞–∂–µ —Å–∫–∞–∑–∞–ª —Ç–æ—Ç –ø—Ä–µ–ø–æ–¥–∞–≤–∞—Ç–µ–ª—å –≤–ø–æ–ª–Ω–µ –º–æ–≥ –±—ã –µ–≥–æ –ø—Ä–æ–¥–∞–≤–∞—Ç—å –∫–∞–∫ ""–º–∞—Ç–µ–º–∞—Ç–∏–∫—É –¥–ª—è –¥—Å"".",2022-11-23T11:56:15Z,POSITIVE,0.9744828939437866
"–ê–Ω–∞—Å—Ç–∞—Å–∏—è –¥–æ–±—Ä–æ–≥–æ –≤—Ä–µ–º–µ–Ω–∏ —Å—É—Ç–æ–∫,  –∏–∑—É—á–∞—é Data Science, –≤ –æ–¥–Ω–æ–º –∏–∑ –í–∞—à–∏—Ö –≤–∏–¥–µ–æ –≤—ã –≥–æ–≤–æ—Ä–∏–ª–∏ –≤ –∫–∞–∫–∏–µ —Å–ø–µ—Ü–∏–∞–ª–∏—Å—Ç—ã —Å–µ—á–∞—Å –±–æ–ª—å—à–µ –≤–æ—Å—Ç—Ä–µ–±–æ–≤–∞–Ω—ã, –Ω–∞–ø–æ–º–Ω–∏—Ç–µ –ø–æ–∂–∞–ª—É–π—Å—Ç–∞.",2022-11-18T13:14:51Z,NEUTRAL,0.817676305770874
"–û—Ç–≤–µ—Ç: –ü—Ä–∞–∫—Ç–∏—á–µ—Å–∫–∞—è —Å—Ç–∞—Ç–∏—Å—Ç–∏–∫–∞ –¥–ª—è —Å–ø–µ—Ü–∏–∞–ª–∏—Å—Ç–æ–≤ Data Science.  –ó–¥—Ä–∞–≤—Å—Ç–≤—É–π—Ç–µ! –°–ø–∞—Å–∏–±–æ –±–æ–ª—å—à–æ–µ –∑–∞ –≤–∞—à —Ç—Ä—É–¥! –Ø —Å—á–∏—Ç–∞—é, —á—Ç–æ –æ–±—É—á–µ–Ω–∏–µ –≤ –Ω–æ–≤–æ–π —Å—Ñ–µ—Ä–µ —Å—Ç–æ–∏—Ç –Ω–∞—á–∏–Ω–∞—Ç—å –∏–º–µ–Ω–Ω–æ —Å —á—Ç–µ–Ω–∏—è —Ö–æ—Ä–æ—à–∏—Ö —Å—Ç—Ä—É–∫—Ç—É—Ä–∏—Ä–æ–≤–∞–Ω–Ω—ã—Ö –∫–Ω–∏–≥. –ü–æ–ª—É—á–∏—Ç—å —Ü–µ–ª—ã–π —Å–ø–∏—Å–æ–∫ –ø–æ–ª–µ–∑–Ω–æ–π –ª–∏—Ç–µ—Ä–∞—Ç—É—Ä—ã –æ—Ç —Å–ø–µ—Ü–∏–∞–ª–∏—Å—Ç–∞ —ç—Ç–æ –Ω–∞—Å—Ç–æ—è—â–∏–π –ø–æ–¥–∞—Ä–æ–∫! –í —Å–ª–µ–¥—É—é—â–µ–º –≥–æ–¥—É —è –ø–æ–ª—É—á—É –¥–∏–ø–ª–æ–º –ø–æ —Å–ø–µ—Ü–∏–∞–ª—å–Ω–æ—Å—Ç–∏ ""–ø—Ä–∏–∫–ª–∞–¥–Ω–∞—è –º–∞—Ç–µ–º–∞—Ç–∏–∫–∞"" –∏ –æ—á–µ–Ω—å –Ω–∞–¥–µ—é—Å—å, —á—Ç–æ —ç—Ç–∞ –ª–∏—Ç–µ—Ä–∞—Ç—É—Ä–∞ –ø–æ–º–æ–∂–µ—Ç –Ω–∞–π—Ç–∏ –º–Ω–µ –ø–µ—Ä–≤—É—é —Ä–∞–±–æ—Ç—É –≤ data science.",2022-11-17T19:51:54Z,POSITIVE,0.957038164138794
–°–º–æ—Ç—Ä—é –∫–∞–Ω–∞–ª –∏—Å–∫–ª—é—á–∏—Ç–µ–ª—å–Ω–æ –∏–∑-–∑–∞ –ù–ï–Å. –ü–∞—Ä–∞–ª–ª–µ–ª—å–Ω–æ –∏–∑—É—á–∞—é –µ—â–µ –∏ –Ω–∞—É–∫—ÉüòÄ,2022-11-17T18:17:51Z,NEUTRAL,0.5079010128974915
"–ó–¥—Ä–∞–≤—Å—Ç–≤—É–π—Ç–µ! –ê –º–æ–∂–µ—Ç–µ –ø–æ–¥—Å–∫–∞–∑–∞—Ç—å —Ä–µ—Å—É—Ä—Å —Å –ø—Ä–∏–º–µ—Ä–∞–º–∏ —Ö–æ—Ä–æ—à–∏—Ö –ø—Ä–µ–∑–µ–Ω—Ç–∞—Ü–∏–π –ø–æ DataScience –ø—Ä–æ–µ–∫—Ç–∞–º?üîç  PS –º–Ω–µ –ø–æ—Å—Ç–∞–≤–∏–ª–∏ –∑–∞–¥–∞—á—É —Å–¥–µ–ª–∞—Ç—å ""–º–∞–∂–æ—Ä–Ω—É—é"" –ø—Ä–µ–∑–µ–Ω—Ç–∞—Ü–∏—é –ø–æ –ø—Ä–æ–µ–∫—Ç—É –ø–æ–∏—Å–∫–∞ –∞–Ω–æ–º–∞–ª–∏–π, Stackoverflow –ø–æ –∑–∞–ø—Ä–æ—Å—É ""–º–∞–∂–æ—Ä–Ω–∞—è –ø—Ä–µ–∑–µ–Ω—Ç–∞—Ü–∏—è"" –Ω–∏—á–µ–≥–æ –ø—Ä–∏–ª–∏—á–Ω–æ–≥–æ –Ω–µ –≤—ã–¥–∞–ªü§î",2022-11-16T06:33:05Z,POSITIVE,0.9889710545539856
–ù–∞—à—ë–ª –í–∞—Å —É PyLounge. –°–ø–∞—Å–∏–±–æ –æ–≥—Ä–æ–º–Ω–æ–µ –∑–∞ –≤–∏–¥–µ–æ!,2022-11-16T03:13:26Z,POSITIVE,0.9777055382728577
"""–ü—Ä–∞–∫—Ç–∏—á–µ—Å–∫–∞—è —Å—Ç–∞—Ç–∏—Å—Ç–∏–∫–∞ –¥–ª—è —Å–ø–µ—Ü–∏–∞–ª–∏—Å—Ç–æ–≤ Data Science"". –°–ø–∞—Å–∏–±–æ –∑–∞ –≤–∏–¥–µ–æ)",2022-11-15T23:08:51Z,POSITIVE,0.9906728863716125
"–ë–æ–∂–µ, –¥–ª—è –∞–Ω–∞–ª–∏—Ç–∏–∫–∏ –¥–∞–Ω–Ω—ã—Ö –Ω—É–∂–Ω–æ –∑–Ω–∞—Ç—å –∞–ª–≥–µ–±—Ä—É?",2022-11-14T18:15:34Z,NEUTRAL,0.8230707049369812
—Å–ø–∞—Å–∏–±–æ!,2022-11-14T08:43:51Z,POSITIVE,0.9807105660438538
–ü—Ä–∞–∫—Ç–∏—á–µ—Å–∫–∞—è —Å—Ç–∞—Ç–∏—Å—Ç–∏–∫–∞ –¥–ª—è —Å–ø–µ—Ü–∏–∞–ª–∏—Å—Ç–æ–≤ Data Science.,2022-11-14T07:24:27Z,NEUTRAL,0.8179630041122437
"–ü—Ä–æ–∞–Ω–∞–ª–∏–∑–∏—Ä–æ–≤–∞–≤ –≤—ã–±–æ—Ä–∫—É –æ—Ç–≤–µ—Ç–æ–≤ –≤—ã–¥–≤–∏–Ω—É –≥–∏–ø–æ—Ç–µ–∑—É, —á—Ç–æ —ç—Ç–∞ –∫–Ω–∏–≥–∞:  –ü—Ä–∞–∫—Ç–∏—á–µ—Å–∫–∞—è —Å—Ç–∞—Ç–∏—Å—Ç–∏–∫–∞ –¥–ª—è —Å–ø–µ—Ü–∏–∞–ª–∏—Å—Ç–æ–≤ Data Science.",2022-11-14T07:23:18Z,NEUTRAL,0.8068166971206665
"–ü—Ä–∞–∫—Ç–∏—á–µ—Å–∫–∞—è —Å—Ç–∞—Ç–∏—Å—Ç–∏–∫–∞ –¥–ª—è Data Science  –ù–∞ –¥–∞–Ω–Ω—ã–π –º–æ–º–µ–Ω—Ç —á–∏—Ç–∞—é python –¥–ª—è —Å–ª–æ–∂–Ω—ã—Ö –∑–∞–¥–∞—á,–∫—Ä–∞–π–Ω–µ –∏–Ω—Ç–µ—Ä–µ—Å–Ω–∞—è –∫–Ω–∏–≥–∞. –ú–æ–∂–Ω–æ —Å–∫–∞–∑–∞—Ç—å –≤—Å–µ–≥–¥–∞ —Å–æ –º–Ω–æ–π,—Ç–∫ –≤ –≤—É–∑–µ —Ç–µ–º–∞ –Ω–∞—É—á–Ω–æ –∏—Å—Å–ª–µ–¥–æ–≤–∞—Ç–µ–ª—å—Å–∫–æ–π —Ä–∞–±–æ—Ç—ã —Å–≤—è–∑–∞–Ω–∞ —Å –¥–∏–∞–≥–Ω–æ—Å—Ç–∏–∫–æ–π —Ä–∞–∫–∞ –º–æ–ª–æ—á–Ω—ã—Ö –∂–µ–ª–µ–∑ —Å –ø–æ–º–æ—â—å—é –º–∞—à–∏–Ω–Ω–æ–≥–æ –æ–±—É—á–µ–Ω–∏—è.  –ö–Ω–∏–≥–∞ –ø–æ —Å—Ç–∞—Ç–∏—Å—Ç–∏–∫–µ –¥—Ä—É–≥–∞—è –Ω–∞ –¥–∞–Ω–Ω—ã–π –º–æ–º–µ–Ω—Ç –ø–æ–¥ —Ä—É–∫–æ–π-¬´–∞–Ω–∞–ª–∏–∑ –¥–∞–Ω–Ω—ã—Ö –Ω–∞ –∫–æ–º–ø—å—é—Ç–µ—Ä–µ¬ª –¢—é—Ä–∏–Ω",2022-11-13T21:07:37Z,NEUTRAL,0.7658045291900635
–ü—Ä–∞–∫—Ç–∏—á–µ—Å–∫–∞—è —Å—Ç–∞—Ç–∏—Å—Ç–∏–∫–∞ –¥–ª—è —Å–ø–µ—Ü–∏–∞–ª–∏—Å—Ç–æ–≤ Data Science. –°–ø–∞—Å–∏–±–æ –í–∞–º –∑–∞ –ø–æ–¥–±–æ—Ä–∫—É –∫–Ω–∏–≥!,2022-11-12T23:17:37Z,NEUTRAL,0.780190646648407
"–ï—Å—Ç—å —Å—Å—ã–ª–∫–∞ –Ω–∞ –∏–∑–¥–∞–Ω–∏–µ –∫–Ω–∏–≥–∏ ""Python –∏ –º–∞—à–∏–Ω–Ω–æ–µ –æ–±—É—á–µ–Ω–∏–µ"" —Å Pytorch –Ω–∞ —Ä—É—Å—Å–∫–æ–º —è–∑—ã–∫–µ? –ß—Ç–æ-—Ç–æ –Ω–µ –Ω–∞—à–µ–ª((",2022-11-12T21:31:03Z,NEGATIVE,0.9949057102203369
–ü—Ä–∞–∫—Ç–∏—á–µ—Å–∫–∞—è —Å—Ç–∞—Ç–∏—Å—Ç–∏–∫–∞ –¥–Ω—è —Å–ø–µ—Ü–∏–∞–ª–∏—Å—Ç–æ–≤ data science,2022-11-11T18:39:55Z,NEUTRAL,0.8285876512527466
"–°–ø–∞—Å–∏–±–æ –∑–∞ –ø–æ–¥–±–æ—Ä–∫—É. ""–ü—Ä–∞–∫—Ç–∏—á–µ—Å–∫–∞—è —Å—Ç–∞—Ç–∏—Å—Ç–∏–∫–∞ –¥–ª—è Data Science"" .",2022-11-11T18:14:47Z,POSITIVE,0.9548747539520264
"–ü—Ä–∞–∫—Ç–∏—á–µ—Å–∫–∞—è —Å—Ç–∞—Ç–∏—Å—Ç–∏–∫–∞ –¥–ª—è —Å–ø–µ—Ü–∏–∞–ª–∏—Å—Ç–æ–≤ Data Science. –î–∞–≤–Ω–æ –∏—Å–∫–∞–ª —Ä–æ–ª–∏–∫, –≥–¥–µ –±—É–¥–µ—Ç –≤—Å–µ —Ä–∞–∑–ª–æ–∂–µ–Ω–æ –ø–æ —Ñ–∞–∫—Ç–∞–º. –°–ø–∞—Å–∏–±–æ",2022-11-11T07:33:59Z,NEUTRAL,0.8178434371948242
"–°–ø–∞—Å–∏–±–æ –∑–∞ –æ—Ç–ª–∏—á–Ω—ã–π –æ–±–∑–æ—Ä –∫–Ω–∏–≥ –∏ –ø—Ä–æ–¥–µ–ª–∞–Ω–Ω—É—é –≤–∞–º–∏ —Ä–∞–±–æ—Ç—É, –æ–±—è–∑–∞—Ç–µ–ª—å–Ω–æ –±—É–¥—É –∏–∑—É—á–∞—Ç—å.  –ù–∞–¥–µ—é—Å—å –≤—ã–∏–≥—Ä–∞—Ç—å –≤ –≤–∏–∫—Ç–æ—Ä–∏–Ω–µ ""–ü—Ä–∞–∫—Ç–∏—á–µ—Å–∫–∞—è —Å—Ç–∞—Ç–∏—Å—Ç–∏–∫–∞ –¥–ª—è —Å–ø–µ—Ü–∏–∞–ª–∏—Å—Ç–æ–≤ Data Science"" –ü–∏—Ç–µ—Ä –ë—Ä—é—Å, –ü–∏—Ç–µ—Ä –ì–µ–¥–µ–∫, –≠–Ω–¥—Ä—é –ë—Ä—é—Å",2022-11-11T04:25:39Z,POSITIVE,0.9810178279876709
–ü–æ—à–µ–ª –æ—Ç–∫–ª–∞–¥—ã–≤–∞—Ç—å –∫–Ω–∏–≥–∏ –≤ –∫–æ—Ä–∑–∏–Ω—É –º–∞—Ä–∫–µ—Ç–ø–ª–µ–π—Å–æ–≤... –ù–æ –º–æ–∂–Ω–æ –∏ –≤—ã–∏–≥—Ä–∞—Ç—å –æ–¥–Ω—É  ) ¬´–ü—Ä–∞–∫—Ç–∏—á–µ—Å–∫–∞—è —Å—Ç–∞—Ç–∏—Å—Ç–∏–∫–∞ –¥–ª—è —Å–ø–µ—Ü–∏–∞–ª–∏—Å—Ç–æ–≤ Data science‚Äù,2022-11-10T11:07:13Z,POSITIVE,0.9906885623931885
"–ê–Ω–∞—Å—Ç–∞—Å–∏—è, –ø–æ–∑–≤–æ–ª—å—Ç–µ –Ω–µ—Å–∫—Ä–æ–º–Ω—ã–π –≤–æ–ø—Ä–æ—Å? –í—ã –ø—Ä–∞–≤–∏–ª—å–Ω—ã–µ –æ—Ç–≤–µ—Ç—ã –≤—Ä—É—á–Ω—É—é –æ—Ç–º–µ—á–∞–µ—Ç–µ –∏–ª–∏ —Å–∫—Ä–∏–ø—Ç–æ–º?)üòÖ",2022-11-10T10:01:41Z,POSITIVE,0.9906858801841736
–ü—Ä–∞–∫—Ç–∏—á–µ—Å–∫–∞—è —Å—Ç–∞—Ç–∏—Å—Ç–∏–∫–∞ –¥–ª—è —Å–ø–µ—Ü–∏–∞–ª–∏—Å—Ç–æ–≤ Data Science,2022-11-10T06:00:08Z,NEUTRAL,0.8284438848495483
–°–ø–∞—Å–∏–±–æ –∑–∞ –ø–æ–¥–±–æ—Ä–∫—É! –û—Ç–≤–µ—Ç: –ü—Ä–∞–∫—Ç–∏—á–µ—Å–∫–∞—è —Å—Ç–∞—Ç–∏—Å—Ç–∏–∫–∞ –¥–ª—è —Å–ø–µ—Ü–∏–∞–ª–∏—Å—Ç–æ–≤ Data science.,2022-11-10T04:05:22Z,POSITIVE,0.957554817199707
"–ü–æ—á–µ–º—É —Ç–∞–∫–∞—è –∫—Ä–∞—Å–∏–≤–∞—è –∏ —Ç–∞–∫–∞—è —É–º–Ω–∞—è??)) –¢—ã —Å –¥—Ä—É–≥–æ–π –ø–ª–∞–Ω–µ—Ç—ã?))) –ú–Ω–µ —Å–µ–π—á–∞—Å –ø–æ —Ä–∞–±–æ—Ç–µ –ø—Ä–∏—Ö–æ–¥–∏—Ç—Å—è –æ—Å–≤–∞–∏–≤–∞—Ç—å Java c –µ—ë —Ñ—Ä–µ–π–º–≤–æ—Ä–∫–∞–º–∏, —Å–µ—Ä–≤–ª–µ—Ç–∞–º–∏, —Ö–∏–±–µ—Ä–Ω–µ—Ç–∞–º–∏ –∏ —Ç–∞–∫ –¥–∞–ª–µ–µ. –ö–∞–∫ —ç—Ç–æ –æ—Å–≤–æ—é, –≤–æ–∑—å–º—É—Å—å –∑–∞ –ü–∏—Ç–æ–Ω –∏ –î–µ–π—Ç–∞ –°–∞–π–µ–Ω—Å.",2022-11-09T22:37:01Z,POSITIVE,0.6333404779434204
–°–ø–∞—Å–∏–±–æ –≤–∞–º –∑–∞ –æ—Ç–ª–∏—á–Ω—É—é –ø—Ä–æ–¥–µ–ª–∞–Ω–Ω—É—é —Ä–∞–±–æ—Ç—É!   –ü—Ä–∞–∫—Ç–∏—á–µ—Å–∫–∞—è —Å—Ç–∞—Ç–∏—Å—Ç–∏–∫–∞ –¥–ª—è —Å–ø–µ—Ü–∏–∞–ª–∏—Å—Ç–æ–≤ Data Science.,2022-11-09T19:09:31Z,POSITIVE,0.9813429713249207
–ü—Ä–∞–∫—Ç–∏—á–µ—Å–∫–∞—è —Å—Ç–∞—Ç–∏—Å—Ç–∏–∫–∞ –¥–ª—è —Å–ø–µ—Ü–∏–∞–ª–∏—Å—Ç–æ–≤ Data science.   –°–ø–∞—Å–∏–±–æ –∑–∞ –ø–æ–¥–¥–µ—Ä–∂–∫—É! –•–æ—Ç–µ–ª –µ–µ —É—Å–ª—ã—à–∞—Ç—å –æ—Ç —É–∂–µ –ø—Ä–∞–∫—Ç–∏–∫—É—é—â–∏—Ö —Å–ø–µ—Ü–∏–∞–ª–∏—Å—Ç–æ–≤,2022-11-09T18:56:08Z,POSITIVE,0.8246492743492126
–ü—Ä–∞–∫—Ç–∏—á–µ—Å–∫–∞—è —Å—Ç–∞—Ç–∏—Å—Ç–∏–∫–∞ –¥–ª—è —Å–ø–µ—Ü–∏–∞–ª–∏—Å—Ç–æ–≤ Data Science.,2022-11-09T18:04:57Z,NEUTRAL,0.8179630041122437
–ü—Ä–∞–∫—Ç–∏—á–µ—Å–∫–∞—è —Å—Ç–∞—Ç–∏—Å—Ç–∏–∫–∞ –¥–ª—è —Å–ø–µ—Ü–∏–∞–ª–∏—Å—Ç–æ–≤ Data Science.,2022-11-09T17:56:38Z,NEUTRAL,0.8179630041122437
"–ë–µ—Ä–µ—à—å –∫–Ω–∏–≥—É –∏ –∏–¥–µ—à—å –ø–æ –Ω–µ–π, –Ω–µ –±—Ä–æ—Å–∞—è, –∫–∞–∂–¥—ã–π –¥–µ–Ω—å –ø–æ–Ω–µ–º–Ω–æ–≥—É, –≥—É–≥–ª–∏—à—å –Ω–µ–ø–æ–Ω—è—Ç–Ω—ã–µ –º–æ–º–µ–Ω—Ç—ã, –µ—Å–ª–∏ –Ω–∞–¥–æ - –∏—â–µ—à—å —Å—Ö–æ–∂–∏–µ –ø—Ä–∏–º–µ—Ä—ã, –Ω–æ –∏–¥–µ—à—å –≤–ø–µ—Ä–µ–¥. –¢–æ–ª—å–∫–æ —Ç–∞–∫. –ò–¥–µ–∞–ª—å–Ω—ã—Ö –∫–Ω–∏–≥ –Ω–µ—Ç, –≤–µ–∑–¥–µ —á—Ç–æ-—Ç–æ –ª—É—á—à–µ, —á—Ç–æ-—Ç–æ —Ö—É–∂–µ. –ì–ª–∞–≤–Ω–æ–µ –∏–¥—Ç–∏ –¥–æ –∫–æ–Ω—Ü–∞, –Ω–µ –±—Ä–æ—Å–∞—Ç—å, –Ω–µ –ø–µ—Ä–µ–∫–ª—é—á–∞—Ç—å—Å—è —Å –æ–¥–Ω–æ–π –Ω–∞ –¥—Ä—É–≥—É—é.",2022-11-09T11:25:49Z,NEGATIVE,0.7514923810958862
"–°–ø–∞—Å–∏–±–æ –∑–∞ —Å–ø–∏—Å–æ–∫, –±—É–¥—É –∏–∑—É—á–∞—Ç—å! –ö–Ω–∏–≥–∞ –¥–ª—è —É—á–∞—Å—Ç–∏—è –≤ —Ä–æ–∑—ã–≥—Ä—ã—à–µ –Ω–∞–∑—ã–≤–∞–µ—Ç—Å—è ""–ü—Ä–∞–∫—Ç–∏—á–µ—Å–∫–∞—è —Å—Ç–∞—Ç–∏—Å—Ç–∏–∫–∞ –¥–ª—è —Å–ø–µ—Ü–∏–∞–ª–∏—Å—Ç–æ–≤ Data Science""",2022-11-09T10:59:01Z,POSITIVE,0.9807114005088806
"–ü—Ä–∞–∫—Ç–∏—á–µ—Å–∫–∞—è —Å—Ç–∞—Ç–∏—Å—Ç–∏–∫–∞ –¥–ª—è —Å–ø–µ—Ü–∏–∞–ª–∏—Å—Ç–æ–≤ Data Science –ü–∏—Ç–µ—Ä –ë—Ä—é—Å, –ü–∏—Ç–µ—Ä –ì–µ–¥–µ–∫, –≠–Ω–¥—Ä—é –ë—Ä—é—Å. –î–æ–±–∞–≤–∏–ª –≤ —Å–≤–æ—é –ø–æ–¥–ø–æ—Ä–∫—É –ø–∞—Ä—É –∫–Ω–∏–≥ –∏–∑ –≤–∏–¥–µ–æ",2022-11-09T10:52:12Z,NEUTRAL,0.8182533383369446
"–ê –ø–æ—á–µ–º—É –Ω–µ—Ç –∫–Ω–∏–≥–∏ –î–∂–æ—ç–ª–∞ –ì—Ä–∞—Å–∞ –Ω–∞ —Ä—É—Å—Å–∫–æ–º Data Science? –Ø –∫—É–ø–∏–ª –Ω–∞ –û–∑–æ–Ω–µ –º–µ—Å—è—Ü –Ω–∞–∑–∞–¥ 2-–µ –ò–∑–¥–∞–Ω–∏–µ ""–ù–∞—É–∫–∞ –æ –¥–∞–Ω–Ω—ã—Ö —Å –Ω—É–ª—è"".",2022-11-09T09:52:05Z,NEUTRAL,0.8211252093315125
"""–ü—Ä–∞–∫—Ç–∏—á–µ—Å–∫–∞—è —Å—Ç–∞—Ç–∏—Å—Ç–∏–∫–∞ –¥–ª—è —Å–ø–µ—Ü–∏–∞–ª–∏—Å—Ç–æ–≤  Data Science"".",2022-11-09T05:51:32Z,NEUTRAL,0.81913161277771
"–í–æ–±—â–µ–º –ø–æ—á–∏—Ç–∞–ª —è –Ω–µ–º–Ω–æ–≥–æ –∫–Ω–∏–∂–∫—É —ç—Ç—É ""–ü—Ä–∞–∫—Ç–∏—á–µ—Å–∫–∞—è —Å—Ç–∞—Ç–∏—Å—Ç–∏–∫–∞ –¥–ª—è —Å–ø–µ—Ü–∏–∞–ª–∏—Å—Ç–æ–≤ Data Science"" –ü–∏—Ç–µ—Ä –ë—Ä—é—Å. –ß–µ—Å—Å–≥—Ä—è –Ω–µ –ø–æ—à–ª–∞ —á–µ–≥–æ-—Ç–æ. –ù–∞ —ç—Ç—É —Ç–µ–º—É –∫–Ω–∏–∂–∫–∞ ""The Elements of Statistical Learning""  Trevor Hastie, Robert Tibshirani, Jerome Friedman –Ω—Ä–∞–≤–∏—Ç—Å—è –±–æ–ª—å—à–µ.",2022-11-08T19:21:34Z,NEUTRAL,0.7770033478736877
–ö–∞–∫ —Ä–∞–∑ –Ω–µ–¥–∞–≤–Ω–æ –∏—Å–∫–∞–ª–∞ —á—Ç–æ –ø–æ—á–∏—Ç–∞—Ç—å –ø–æ —ç—Ç–æ–π —Ç–µ–º–µ –û—Ç–≤–µ—Ç –Ω–∞ –≤–æ–ø—Ä–æ—Å: –ü—Ä–∞–∫—Ç–∏—á–µ—Å–∫–∞—è —Å—Ç–∞—Ç–∏—Å—Ç–∏–∫–∞ –¥–ª—è —Å–ø–µ—Ü–∏–∞–ª–∏—Å—Ç–æ–≤ Data Science,2022-11-08T16:53:04Z,NEUTRAL,0.8109807968139648
¬´–ü—Ä–∞–∫—Ç–∏—á–µ—Å–∫–∞—è —Å—Ç–∞—Ç–∏—Å—Ç–∏–∫–∞ –¥–ª—è —Å–ø–µ—Ü–∏–∞–ª–∏—Å—Ç–æ–≤ Data Science¬ª ‚Äî –¥–∞–≤–Ω–æ –Ω–∞ –Ω–µ–µ –∑–∞—Å–º–∞—Ç—Ä–∏–≤–∞—é—Å—å ;),2022-11-08T15:36:35Z,POSITIVE,0.9906863570213318
–ü—Ä–∞–∫—Ç–∏—á–µ—Å–∫–∞—è —Å—Ç–∞—Ç–∏—Å—Ç–∏–∫–∞ –¥–ª—è —Å–ø–µ—Ü–∏–∞–ª–∏—Å—Ç–æ–≤ DS  –°–ø–∞—Å–∏–±–æ –∑–∞ –≤–∏–¥–µ–æ üí´,2022-11-08T12:42:15Z,NEUTRAL,0.8237556219100952
"–û—á–µ–Ω—å –∏–Ω—Ç–µ—Ä–µ—Å–Ω–æ, –Ω–∏–≥–¥–µ –Ω–µ –º–æ–≥—É –Ω–∞–π—Ç–∏ –ø–µ—Ä–≤—É—é –∫–Ω–∏–≥—É. –£–∂–µ –≤—Å—ë –ø–µ—Ä–µ—Ä—ã–ª, –º–æ–∂–µ—Ç —É –∫–æ–≥–æ –µ—Å—Ç—å?",2022-11-08T10:14:39Z,NEGATIVE,0.7512878179550171
"–û—Ç–≤–µ—Ç –¥–ª—è –≤–∏–∫—Ç–æ—Ä–∏–Ω—ã: –ü—Ä–∞–∫—Ç–∏—á–µ—Å–∫–∞—è —Å—Ç–∞—Ç–∏—Å—Ç–∏–∫–∞ –¥–ª—è —Å–ø–µ—Ü–∏–∞–ª–∏—Å—Ç–æ–≤ Data Science. –ü–∏—Ç–µ—Ä –ë—Ä—é—Å, –≠–Ω–¥—Ä—é –ë—Ä—é—Å, –ü–∏—Ç–µ—Ä –ì–µ–¥–µ–∫. –°–ø–∞—Å–∏–±–æ –∑–∞ –ø—Ä–µ–∫—Ä–∞—Å–Ω—ã–π –∏  –æ—á–µ–Ω—å –ø–æ–ª–µ–∑–Ω—ã–π –æ–±–∑–æ—Ä.",2022-11-08T09:27:29Z,POSITIVE,0.9720815420150757
"–ë–æ–ª—å—à–æ–µ —Å–ø–∞—Å–∏–±–æ –∑–∞ —Ç–∞–∫—É—é –ø–æ–¥–±–æ—Ä–∫—É, –æ—á–µ–Ω—å –¥–µ—Ç–∞–ª–∏–∑–∏—Ä–æ–≤–∞–Ω–Ω–∞—è –ø–æ–¥–∞—á–∞. –ï—Å–ª–∏ –µ—Å—Ç—å –≤–æ–∑–º–æ–∂–Ω–æ—Å—Ç—å, —Ö–æ—Ç–µ–ª–æ—Å—å –±—ã —Ç–∞–∫—É—é –ø–æ–¥–±–æ—Ä–∫—É –∏ –ø–æ –î–∞—Ç–∞ –ê–Ω–∞–ª–∏—Ç–∏–∫–µ —É–≤–∏–¥–µ—Ç—å :)",2022-11-08T07:38:39Z,POSITIVE,0.9906883239746094
"""–ü—Ä–∞–∫—Ç–∏—á–µ—Å–∫–∞—è —Å—Ç–∞—Ç–∏—Å—Ç–∏–∫–∞ –¥–ª—è —Å–ø–µ—Ü–∏–∞–ª–∏—Å—Ç–æ–≤  Data Science"".",2022-11-08T07:09:09Z,NEUTRAL,0.81913161277771
–ü—Ä–∞–∫—Ç–∏—á–µ—Å–∫–∞—è —Å—Ç–∞—Ç–∏—Å—Ç–∏–∫–∞ –¥–ª—è —Å–ø–µ—Ü–∏–∞–ª–∏—Å—Ç–æ–≤ Data Science  –°–ø–∞—Å–∏–±–æ –∑–∞ –ø–æ–¥–±–æ—Ä–∫—É!,2022-11-08T06:37:32Z,NEUTRAL,0.8249239325523376
–ü—Ä–∞–∫—Ç–∏—á–µ—Å–∫–∞—è —Å—Ç–∞—Ç–∏—Å—Ç–∏–∫–∞ –¥–ª—è —Å–ø–µ—Ü–∏–∞–ª–∏—Å—Ç–æ–≤ data science,2022-11-08T05:51:51Z,NEUTRAL,0.8288936018943787
–ü–æ–∑–¥—Ä–∞–≤–ª—è—é üéâüéäüíç,2022-11-08T05:47:21Z,POSITIVE,0.7225796580314636
"""–ü—Ä–∞–∫—Ç–∏—á–µ—Å–∫–∞—è —Å—Ç–∞—Ç–∏—Å—Ç–∏–∫–∞ –¥–ª—è Data Science"" . –æ—á–µ–Ω—å —Ö–æ—á—É –≤—ã–∏–≥—Ä–∞—Ç—å)) —Å–ø–∞—Å–∏–±–æ –∑–∞ —Ä–æ–ª–∏–∫)",2022-11-08T05:06:30Z,POSITIVE,0.9813588261604309
–ü—Ä–∞–∫—Ç–∏—á–µ—Å–∫–∞—è —Å—Ç–∞—Ç–∏—Å—Ç–∏–∫–∞ –¥–ª—è —Å–ø–µ—Ü–∏–∞–ª–∏—Å—Ç–æ–≤ data science,2022-11-08T03:04:02Z,NEUTRAL,0.8288936018943787
"–ó–¥—Ä–∞–≤—Å—Ç–≤—É–π—Ç–µ! –ï—Å–ª–∏ –Ω–µ—Ç –ø—Ä–∞–∫—Ç–∏—á–µ—Å–∫–æ–≥–æ –æ–ø—ã—Ç–∞ –≤ –ø—Ä–æ–≥—Ä–∞–º–º–∏—Ä–æ–≤–∞–Ω–∏–∏, –∏ –≤—É–∑–æ–≤—Å–∫–æ–≥–æ –æ–±—Ä–∞–∑–æ–≤–∞–Ω–∏—è, –Ω–æ –µ—Å—Ç—å ""–±–∞–ª–æ–≤—Å—Ç–≤–æ"" –≤ html/css, —Ç–æ –∫–∞–∫–∏–µ –∫—É—Ä—Å—ã –≤—ã —Ä–µ–∫–æ–º–µ–Ω–¥—É–µ—Ç–µ? –∫–∞–∫–∏–µ —Ä–µ–∞–ª—å–Ω—ã–µ —Å—Ä–æ–∫–∏ –ø–æ –ø—Ä–æ–¥–æ–ª–∂–∏—Ç–µ–ª—å–Ω–æ—Å—Ç–∏ –¥–æ–ª–∂–Ω—ã –±—ã—Ç—å –Ω–∞ —ç—Ç–∏—Ö –∫—É—Ä—Å–∞—Ö?",2022-11-08T00:04:34Z,NEUTRAL,0.8182204365730286
"–°—Ç–∞–ª–∫–∏–≤–∞–ª—Å—è –ø–æ—á—Ç–∏ —Å–æ –≤—Å–µ–º–∏ –∫–Ω–∏–≥–∞–º–∏ –∏ –æ–Ω–∏ —Å–ª–∞–±–µ–Ω—å–∫–∏–µ –º—è–≥–∫–æ –≥–æ–≤–æ—Ä—è, –∫—Ä–æ–º–µ –ë—É—Ä–∫–æ–≤–∞ - —ç—Ç–æ –æ–≥–æ–Ω—å, —Ä–µ–∫–æ–º–µ–Ω–¥—É—é –≤—Å–µ–º –∏ –ø–æ—Å–ª–µ–¥–Ω—è—è –∫–Ω–∏–≥–∞ —Ç–æ–∂–µ –ø—É—à–∫–∞. –ê–Ω–∞—Å—Ç–∞—Å–∏—è, —Ö–æ—Ä–æ—à–æ –≤—ã–≥–ª—è–¥–∏—Ç–µ)",2022-11-07T23:38:01Z,POSITIVE,0.9906837940216064
–ü—Ä–∞–∫—Ç–∏—á–µ—Å–∫–∞—è —Å—Ç–∞—Ç–∏—Å—Ç–∏–∫–∞ –¥–ª—è —Å–ø–µ—Ü–∏–∞–ª–∏—Å—Ç–æ–≤ Data Science,2022-11-07T23:08:50Z,NEUTRAL,0.8284438848495483
"""–ü—Ä–∞–∫—Ç–∏—á–µ—Å–∫–∞—è —Å—Ç–∞—Ç–∏—Å—Ç–∏–∫–∞ –¥–ª—è Data Science"" .  –ó–∞–º–µ—á–∞—Ç–µ–ª—å–Ω–∞—è –ø–æ–¥–±–æ—Ä–∫–∞ –∫–Ω–∏–≥. –° –∞–Ω–≥–ª–∏–π—Å–∫–∏–º —Ç–æ—á–Ω–æ –Ω–µ–æ–±—Ö–æ–¥–∏–º–æ –ø–æ—Ä–∞–±–æ—Ç–∞—Ç—å . –°–ø–∞—Å–∏–±–æ. –°–∞–º—ã–π –ª—É—á—à–∏–π –∫–∞–Ω–∞–ª –ø–æ Data Science! –í—ã –∫–∞–∫ –≤—Å–µ–≥–¥–∞ –Ω–∞ –≤—ã—Å–æ—Ç–µ!",2022-11-07T22:56:20Z,POSITIVE,0.9811609387397766
–°–ø–∞—Å–∏–±–æ –ê–Ω–∞—Å—Ç–∞—Å–∏—è.,2022-11-07T22:55:11Z,POSITIVE,0.9737608432769775
"–ù–∞—à–µ–ª –≤–∞—Å –±–ª–∞–≥–æ–¥–∞—Ä—è PyLounge –∏ –æ—á–µ–Ω—å —ç—Ç–æ–º—É —Ä–∞–¥. –°–ø–∞—Å–∏–±–æ —á—Ç–æ –¥–µ–ª–∏—Ç–µ—Å—å –æ–ø—ã—Ç–æ–º –∏ –¥–∞–µ—Ç–µ –Ω–∞—Å—Ç–∞–≤–ª–µ–Ω–∏—è –Ω–æ–≤–∏—á–∫–∞–º –≤ —Å—Ñ–µ—Ä–µ. –ò–Ω—Ñ–æ—Ä–º–∞—Ü–∏–∏ –æ DS –Ω–∞ —Ä—É —é—Ç—É–±–µ –∫–∞–∫ –±—É–¥—Ç–æ –Ω–µ –æ—á–µ–Ω—å –º–Ω–æ–≥–æ, —á—Ç–æ —É–∂ –≥–æ–≤–æ—Ä–∏—Ç—å –æ —Ç–æ–º —Å —á–µ–≥–æ –Ω–∞—á–∏–Ω–∞—Ç—å, –∫–∞–∫ –Ω–∞–π—Ç–∏ –≤–µ–∫—Ç–æ—Ä —Ä–∞–∑–≤–∏—Ç–∏—è –∏ —Ç–ø –û—Ç–≤–µ—Ç –Ω–∞ –≤–æ–ø—Ä–æ—Å –∫–æ–Ω–∫—É—Ä—Å–∞ - –ø—Ä–∞–∫—Ç–∏—á–µ—Å–∫–∞—è —Å—Ç–∞—Ç–∏—Å—Ç–∏–∫–∞ –¥–ª—è —Å–ø–µ—Ü–∏–∞–ª–∏—Å—Ç–æ–≤ Data Science",2022-11-07T22:16:24Z,NEUTRAL,0.7242584228515625
"–°–ø–∞—Å–∏–±–æ, –æ—á–µ–Ω—å –Ω—É–∂–Ω–∞—è –ø–æ–¥–±–æ—Ä–∫–∞)  –ê –∫–Ω–∏–≥–∞ : ‚Äú–ü—Ä–∞–∫—Ç–∏—á–µ—Å–∫–∞—è —Å—Ç–∞—Ç–∏—Å—Ç–∏–∫–∞ –¥–ª—è —Å–ø–µ—Ü–∏–∞–ª–∏—Å—Ç–æ–≤ Data Science‚Äù",2022-11-07T21:57:19Z,POSITIVE,0.9814183712005615
"–°–ø–∞—Å–∏–±–æ –∑–∞ –ø—Ä–µ–∫—Ä–∞—Å–Ω—ã–π –æ–±–∑–æ—Ä –ª–∏—Ç–µ—Ä–∞—Ç—É—Ä—ã! –û—Ç–≤–µ—Ç: ""–ü—Ä–∞–∫—Ç–∏—á–µ—Å–∫–∞—è —Å—Ç–∞—Ç–∏—Å—Ç–∏–∫–∞ –¥–ª—è —Å–ø–µ—Ü–∏–∞–ª–∏—Å—Ç–æ–≤ Data Science"" –ü–∏—Ç–µ—Ä –ë—Ä—é—Å, –ü–∏—Ç–µ—Ä –ì–µ–¥–µ–∫, –≠–Ω–¥—Ä—é –ë—Ä—é—Å",2022-11-07T21:19:10Z,POSITIVE,0.9581949710845947
–ü—Ä–∞–∫—Ç–∏—á–µ—Å–∫–∞—è —Å—Ç–∞—Ç–∏—Å—Ç–∏–∫–∞ –¥–ª—è —Å–ø–µ—Ü–∏–∞–ª–∏—Å—Ç–æ–≤ Data Science. –û—Ç–ª–∏—á–Ω–æ–µ –≤–∏–¥–µ–æ),2022-11-07T20:44:18Z,POSITIVE,0.6909979581832886
"–û—Ç–≤–µ—Ç: ""–ü—Ä–∞–∫—Ç–∏—á–µ—Å–∫–∞—è —Å—Ç–∞—Ç–∏—Å—Ç–∏–∫–∞ –¥–ª—è —Å–ø–µ—Ü–∏–∞–ª–∏—Å—Ç–æ–≤ Data Science –ü–∏—Ç–µ—Ä –ë—Ä—é—Å, –ü–∏—Ç–µ—Ä –ì–µ–¥–µ–∫, –≠–Ω–¥—Ä—é –ë—Ä—é—Å"". –°–ø–∞—Å–∏–±–æ –∑–∞ –≤–∏–¥–µ–æ!",2022-11-07T20:11:02Z,NEUTRAL,0.8065697550773621
"–ü—Ä–∞–∫—Ç–∏—á–µ—Å–∫–∞—è —Å—Ç–∞—Ç–∏—Å—Ç–∏–∫–∞ –¥–ª—è —Å–ø–µ—Ü–∏–∞–ª–∏—Å—Ç–æ–≤ Data Science –≠–Ω–¥—Ä—é –ë—Ä—é—Å, –ü–∏—Ç–µ—Ä –ë—Ä—é—Å, –ü–∏—Ç–µ—Ä –ì–µ–¥–µ–∫",2022-11-07T20:03:52Z,NEUTRAL,0.8215498328208923
"–ü—Ä–∞–∫—Ç–∏—á–µ—Å–∫–∞—è —Å—Ç–∞—Ç–∏—Å—Ç–∏–∫–∞ –¥–ª—è data science.   –°–ø–∞—Å–∏–±–æ –∑–∞ –æ–±–∑–æ—Ä –ª–∏—Ç–µ—Ä–∞—Ç—É—Ä—ã, –æ—á–µ–Ω—å –ø–æ–ª–µ–∑–Ω–æ",2022-11-07T19:09:02Z,POSITIVE,0.9528022408485413
–°–ø–∞—Å–∏–±–æ!,2022-11-07T18:48:50Z,POSITIVE,0.9795294404029846
–°–∞–º—É—é –≥–ª–∞–≤–Ω—É—é –∫–Ω–∏–≥—É –¥–ª—è data science  –∑–∞–±—ã–ª–∏ —É–∫–∞–∑–∞—Ç—å - —É—á–µ–±–Ω–∏–∫ –∞–Ω–≥–ª–∏–π—Å–∫–æ–≥–æ —è–∑—ã–∫–∞),2022-11-07T18:47:13Z,POSITIVE,0.9906854033470154
"–û—Ç–≤–µ—Ç:–ü—Ä–∞–∫—Ç–∏—á–µ—Å–∫–∞—è —Å—Ç–∞—Ç–∏—Å—Ç–∏–∫–∞ –¥–ª—è —Å–ø–µ—Ü–∏–∞–ª–∏—Å—Ç–æ–≤ Data Science –ê–Ω–∞—Å—Ç–∞—Å–∏—è, —Å–ø–∞—Å–∏–±–æ –±–æ–ª—å—à–æ–µ –∑–∞ –∫—Ä–∞—Ç–∫–∏–µ –æ–±–∑–æ—Ä—ã –∫–∞–∂–¥–æ–π –∏–∑ –∫–Ω–∏–≥!  –û–∫–∞–∑–∞–ª–æ—Å—å –æ—á–µ–Ω—å –ø–æ–ª–µ–∑–Ω—ã–º.",2022-11-07T18:29:31Z,POSITIVE,0.9370754957199097
"–õ–∞–π–∫–ø–∞–¥–ø–∏—Å–∫–∞–∫–∞–ª–∞–∫–æ–ª—å—á–µ–∫ (–≤—Ä—É, –∫–æ–ª–æ–∫–æ–ª—å—á–∏–∫ –Ω–∏–∫–æ–≥–¥–∞ –Ω–µ –Ω–∞–∂–∏–º–∞—é –∏ –±–æ–ª—å—à–∏–Ω—Å—Ç–≤–æ —á–∞—Ç–æ–≤ —É –º–µ–Ω—è –∑–∞–º—å—é—á–µ–Ω—ã). <–°–ø—É—Å—Ç—è 30 –º–∏–Ω—É—Ç>: –ö–æ—Ä–æ—á–µ, –≤ –Ω–∞–∏–≤–Ω–æ–π –Ω–∞–¥–µ–∂–¥–µ, —á—Ç–æ –µ—Å—Ç—å –∏—Å—Ç–æ—á–Ω–∏–∫, –≥–¥–µ –Ω–∞–ø–∏—Å–∞–Ω–æ –ø–æ–Ω—è—Ç–Ω–æ: –≤–æ—Ç —Ñ–æ—Ä–º—É–ª–∞, –≤–æ—Ç —Ä–∞—Å—à–∏—Ñ—Ä–æ–≤–∫–∞, –∫—É–ø–∏–ª —è –Ω–∞ –ª–∏—Ç—Ä–µ—Å ""–ü—Ä–∞–∫—Ç–∏—á–µ—Å–∫–∞—è —Å—Ç–∞—Ç–∏—Å—Ç–∏–∫–∞ –¥–ª—è —Å–ø–µ—Ü–∏–∞–ª–∏—Å—Ç–æ–≤ Data Science –ü–∏—Ç–µ—Ä –ë—Ä—é—Å, –ü–∏—Ç–µ—Ä –ì–µ–¥–µ–∫, –≠–Ω–¥—Ä—é –ë—Ä—é—Å"" (–î–∞, —ç—Ç–æ –ø—Ä–∞–≤–∏–ª—å–Ω—ã–π –æ—Ç–≤–µ—Ç –Ω–∞ —Ç–≤–æ–π –≤–æ–ø—Ä–æ—Å. –¢–æ—á–Ω–µ–µ –Ω–µ –ø—Ä–∞–≤–∏–ª—å–Ω—ã–π, –Ω–æ —Ç—ã –ø–æ–¥—Ä–∞–∑—É–º–µ–≤–∞–ª–∞, —á—Ç–æ –æ–Ω –ø—Ä–∞–≤–∏–ª—å–Ω—ã–π). –û—Ç–∫—Ä—ã–≤–∞—é –≥–ª–∞–≤—É –ø—Ä–æ –¢ –∫—Ä–∏—Ç–µ—Ä–∏–π –∏ –≤–∏–∂—É —Ñ–æ—Ä–º—É–ª—É, –∫–æ—Ç–æ—Ä—É—é ""–ü–æ–ø—ã—Ç–∫–∞ –≥–ª—É–±–∂–µ –ø–æ–Ω–∏–º–∞—Ç—å —É–∂–µ –ø–æ–ø–∞—Ö–∏–≤–∞–µ—Ç –ª–∏—Ç—Ä–æ–º"". –í –±–∏–Ω–æ–º–∏–∞–ª—å–Ω–æ–º —Ä–∞—Å–ø—Ä–µ–¥–µ–ª–µ–Ω–∏–∏ –Ω–µ—Ç –¥–∞–∂–µ —Ö–æ—Ç—å –∫–∞–∫–æ–π-–Ω–∏–±—É–¥—å –∑–∞–≤–∞–ª—è—â–µ–π—Å—è —Ñ–æ—Ä–º—É–ª—ã. –ó–∞—Ç–æ –µ—Å—Ç—å –æ–±—ä—è—Å–Ω–µ–Ω–∏–µ –Ω–∞ –∫—É—á—É —Å—Ç—Ä–æ–∫ —Å –ø—Ä–∏–º–µ—Ä–æ–º —Ä–µ–∞–ª–∏–∑–∞—Ü–∏–∏ –≤—ã—á–∏—Å–ª–µ–Ω–∏–π —á–µ—Ä–µ–∑ —Ç.–Ω. ""—á–µ—Ä–Ω—ã–π —è—â–∏–∫"" (–ü—Ä–∏ —ç—Ç–æ–º –æ–±—ä—è—Å–Ω–∏—Ç—å —Ä–∞–∑–Ω–∏—Ü—É –º–µ–∂–¥—É pmf –∏ cdf –∞–≤—Ç–æ—Ä—ã –Ω—É–∂–Ω—ã–º –Ω–µ –ø–æ—Å—á–∏—Ç–∞–ª–∏). –ò–Ω—ã–º–∏ —Å–ª–æ–≤–∞–º–∏, –ø–æ—Å–ª–µ –ø—Ä–æ—á—Ç–µ–Ω–∏—è —ç—Ç–æ–π –∫–Ω–∏–≥–∏, –≤—ã –±—É–¥–µ—Ç–µ –ø—Ä–µ–∫—Ä–∞—Å–Ω–æ –ø–æ–Ω–∏–º–∞—Ç—å, —á—Ç–æ —Ç–∞–∫–æ–µ –Ω–æ—Ä–º–∞–ª—å–Ω–æ–µ —Ä–∞—Å–ø—Ä–µ–¥–µ–ª–µ–Ω–∏–µ, –Ω–æ –±—É–¥–µ—Ç–µ –Ω–µ –≤ —Å–æ—Å—Ç–æ—è–Ω–∏–∏ –ø–æ—Å—á–∏—Ç–∞—Ç—å –≤—Ä—É—á–Ω—É—é –¥–∞–∂–µ –ø—Ä–æ—Å—Ç–µ–Ω—å–∫–∏–π –¥–æ–≤–µ—Ä–∏—Ç–µ–ª—å–Ω—ã–π –∏–Ω—Ç–µ—Ä–≤–∞–ª –¥–ª—è –Ω–æ—Ä–º–∞–ª—å–Ω–æ–≥–æ —Ä–∞—Å–ø—Ä–µ–¥–µ–ª–µ–Ω–∏—è. –ü—Ä–æ—à—É –ø–æ–ø—Ä–∞–≤–∏—Ç—å, –µ—Å–ª–∏ –æ—à–∏–±–∞—é—Å—å. –ò –≤–æ–∑–º–æ–∂–Ω–æ –∫—Ç–æ-—Ç–æ –≤—Å–µ –∂–µ –∑–Ω–∞–µ—Ç –∫–Ω–∏–≥—É/—Å–∞–π—Ç/—Å–ø—Ä–∞–≤–æ—á–Ω–∏–∫, –≥–¥–µ –±–µ–∑ –ª–∏—à–Ω–µ–π –≤–æ–¥—ã –Ω–∞–ø–∏—Å–∞–Ω–æ —á—Ç–æ-—Ç–æ –ø—Ä–∞–∫—Ç–∏—á–µ—Å–∫–∏ –ø–æ–ª–µ–∑–Ω–æ–µ?",2022-11-07T18:28:52Z,NEGATIVE,0.7514646649360657
"–ü—Ä–∞–∫—Ç–∏—á–µ—Å–∫–∞—è —Å—Ç–∞—Ç–∏—Å—Ç–∏–∫–∞ –¥–ª—è —Å–ø–µ—Ü–∏–∞–ª–∏—Å—Ç–æ–≤ Data Science.  –ê–Ω–∞—Å—Ç–∞—Å–∏—è, –±–æ–ª—å—à–æ–µ —Å–ø–∞—Å–∏–±–æ –í–∞–º –∑–∞ —Ç–æ, —á—Ç–æ –¥–µ–ª–∏—Ç–µ—Å—å –∑–Ω–∞–Ω–∏—è–º–∏ –∏ –∏–Ω—Ñ–æ—Ä–º–∞—Ü–∏–µ–π! üåπ",2022-11-07T18:01:24Z,POSITIVE,0.9801817536354065
–ü—Ä–∞–∫—Ç–∏—á–µ—Å–∫–∞—è —Å—Ç–∞—Ç–∏—Å—Ç–∏–∫–∞ –¥–ª—è —Å–ø–µ—Ü–∏–∞–ª–∏—Å—Ç–æ–≤ Data Science,2022-11-07T17:58:49Z,NEUTRAL,0.8284438848495483
–ü—Ä–∞–∫—Ç–∏—á–µ—Å–∫–∞—è —Å—Ç–∞—Ç–∏—Å—Ç–∏–∫–∞ –¥–ª—è —Å–ø–µ—Ü–∏–∞–ª–∏—Å—Ç–æ–≤ Data Science - –æ—Ç–≤–µ—Ç –Ω–∞ –≤–æ–ø—Ä–æ—Å) –ú–Ω–µ –µ—ë –∫—Å—Ç–∞—Ç–∏ —Ç–æ–∂–µ —Å–æ–≤–µ—Ç–æ–≤–∞–ª –∫—Ç–æ-—Ç–æ,2022-11-07T17:45:00Z,POSITIVE,0.9804360866546631
–û—Ç–≤–µ—Ç –Ω–∞ –≤–∏–∫—Ç–æ—Ä–∏–Ω—É: –ü—Ä–∞–∫—Ç–∏—á–µ—Å–∫–∞—è —Å—Ç–∞—Ç–∏—Å—Ç–∏–∫–∞ –¥–ª—è —Å–ø–µ—Ü–∏–∞–ª–∏—Å—Ç–æ–≤ Data Science. –°–ø–∞—Å–∏–±–æ –∑–∞ –≤–∏–¥–µ–æ! –í—Å–µ –∫–Ω–∏–≥–∏ –∏–Ω—Ç–µ—Ä–µ—Å–Ω—ã. –ì–¥–µ –≤–∑—è—Ç—å –≤—Ä–µ–º—è –Ω–∞ –∏—Ö —á—Ç–µ–Ω–∏–µ —Ç–æ–ª—å–∫–æ –≤–æ–ø—Ä–æ—Å.,2022-11-07T17:37:23Z,NEUTRAL,0.6508800387382507
–ü—Ä–∞–∫—Ç–∏—á–µ—Å–∫–∞—è —Å—Ç–∞—Ç–∏—Å—Ç–∏–∫–∞ –¥–ª—è —Å–ø–µ—Ü–∏–∞–ª–∏—Å—Ç–æ–≤ Data Science,2022-11-07T16:54:20Z,NEUTRAL,0.8284438848495483
"–ö–Ω–∏–≥–∞ –¥–ª—è —Ä–æ–∑—ã–≥—Ä—ã—à–∞: 04:06 –ü—Ä–∞–∫—Ç–∏—á–µ—Å–∫–∞—è —Å—Ç–∞—Ç–∏—Å—Ç–∏–∫–∞ –¥–ª—è —Å–ø–µ—Ü–∏–∞–ª–∏—Å—Ç–æ–≤ Data Science –ü–∏—Ç–µ—Ä –ë—Ä—é—Å, –ü–∏—Ç–µ—Ä –ì–µ–¥–µ–∫, –≠–Ω–¥—Ä—é –ë—Ä—é—Å",2022-11-07T16:51:02Z,NEUTRAL,0.8218705058097839
"–ê–Ω–∞—Å—Ç–∞—Å–∏—è, –±–ª–∞–≥–æ–¥–∞—Ä—é –∑–∞ –ø–æ–¥–±–æ—Ä–∫—É. –û—Ç–≤–µ—Ç: –ü—Ä–∞–∫—Ç–∏—á–µ—Å–∫–∞—è —Å—Ç–∞—Ç–∏—Å—Ç–∏–∫–∞ –¥–ª—è —Å–ø–µ—Ü–∏–∞–ª–∏—Å—Ç–æ–≤ Data Science.",2022-11-07T16:41:23Z,POSITIVE,0.9788368344306946
–ü—Ä–∞–∫—Ç–∏—á–µ—Å–∫–∞—è —Å—Ç–∞—Ç–∏—Å—Ç–∏–∫–∞ –¥–ª—è —Å–ø–µ—Ü–∏–∞–ª–∏—Å—Ç–æ–≤ Data Science,2022-11-07T16:26:58Z,NEUTRAL,0.8284438848495483
"–ü—Ä–∞–∫—Ç–∏—á–µ—Å–∫–∞—è —Å—Ç–∞—Ç–∏—Å—Ç–∏–∫–∞ –¥–ª—è —Å–ø–µ—Ü–∏–∞–ª–∏—Å—Ç–æ–≤ Data science  –ü–∏—Ç–µ—Ä –ë—Ä—é—Å, –ü–∏—Ç–µ—Ä –ì–µ–¥–µ–∫, –≠–Ω–¥—Ä—é –ë—Ä—é—Å –°–ø–∞—Å–∏–±–æ –∑–∞ –≤–∏–¥–µ–æ üíñ",2022-11-07T16:20:45Z,NEUTRAL,0.550773024559021
"–û—Ç–≤–µ—Ç: ""–ü—Ä–∞–∫—Ç–∏—á–µ—Å–∫–∞—è —Å—Ç–∞—Ç–∏—Å—Ç–∏–∫–∞ –¥–ª—è —Å–ø–µ—Ü–∏–∞–ª–∏—Å—Ç–æ–≤ Data Science"". –°–ø–∞—Å–∏–±–æ –∑–∞ –≤–∏–¥–µ–æ!",2022-11-07T16:20:28Z,NEUTRAL,0.7987635135650635
–ü—Ä–∞–∫—Ç–∏—á–µ—Å–∫–∞—è —Å—Ç–∞—Ç–∏—Å—Ç–∏–∫–∞ –¥–ª—è —Å–ø–µ—Ü–∏–∞–ª–∏—Å—Ç–æ–≤ Data Science,2022-11-07T16:15:48Z,NEUTRAL,0.8284438848495483
"–ü—Ä–∞–∫—Ç–∏—á–µ—Å–∫–∞—è —Å—Ç–∞—Ç–∏—Å—Ç–∏–∫–∞ –¥–ª—è —Å–ø–µ—Ü–∏–∞–ª–∏—Å—Ç–æ–≤ Data Science. –ê–Ω–∞—Å—Ç–∞—Å–∏—è, —Å–ø–∞—Å–∏–±–æ –∑–∞ –ø—Ä–µ–∫—Ä–∞—Å–Ω—É—é –ø–æ–¥–±–æ—Ä–∫—É!üôÉ",2022-11-07T16:03:13Z,POSITIVE,0.9812729358673096
–û—Ç –≥–æ–¥–∞ –¥–æ 5 –ª–µ—Ç –µ—â—ë –¥–æ–±–∞–≤–∏—Ç—å,2022-11-07T16:02:00Z,NEGATIVE,0.7512192130088806
"–ë–æ–ª—å—à–æ–µ —Å–ø–∞—Å–∏–±–æ –∑–∞ –ø–æ–¥–±–æ—Ä –∫–Ω–∏–≥, –∫–∞–∫ —Ä–∞–∑ —á—Ç–æ —á–µ–≥–æ –Ω–µ —Ö–≤–∞—Ç–∞–ª–æ –æ—Ç–≤–µ—Ç:  –ü—Ä–∞–∫—Ç–∏—á–µ—Å–∫–∞—è —Å—Ç–∞—Ç–∏—Å—Ç–∏–∫–∞ –¥–ª—è —Å–ø–µ—Ü–∏–∞–ª–∏—Å—Ç–æ–≤ Data Science",2022-11-07T15:53:26Z,POSITIVE,0.9807986617088318
"–ö–æ–Ω–∫—É—Ä—Å: –ü—Ä–∞–∫—Ç–∏—á–µ—Å–∫–∞—è —Å—Ç–∞—Ç–∏—Å—Ç–∏–∫–∞ –¥–ª—è —Å–ø–µ—Ü–∏–∞–ª–∏—Å—Ç–æ–≤ Data Science –ü–∏—Ç–µ—Ä –ë—Ä—é—Å, –ü–∏—Ç–µ—Ä –ì–µ–¥–µ–∫, –≠–Ω–¥—Ä—é –ë—Ä—é—Å",2022-11-07T15:38:04Z,NEUTRAL,0.8283320665359497
"–ü—Ä–∞–∫—Ç–∏—á–µ—Å–∫–∞—è —Å—Ç–∞—Ç–∏—Å—Ç–∏–∫–∞ –¥–ª—è —Å–ø–µ—Ü–∏–∞–ª–∏—Å—Ç–æ–≤ Data Science –ü–∏—Ç–µ—Ä –ë—Ä—é—Å, –ü–∏—Ç–µ—Ä –ì–µ–¥–µ–∫, –≠–Ω–¥—Ä—é –ë—Ä—é—Å",2022-11-07T15:15:49Z,NEUTRAL,0.821113646030426
–ü—Ä–∞–∫—Ç–∏—á–µ—Å–∫–∞—è —Å—Ç–∞—Ç–∏—Å—Ç–∏–∫–∞ –¥–ª—è —Å–ø–µ—Ü–∏–∞–ª–∏—Å—Ç–æ–≤ Data Science.–û—Ç–ª–∏—á–Ω—ã–µ –∫–Ω–∏–≥–∏.,2022-11-07T15:05:07Z,NEUTRAL,0.8192592263221741
–ü—Ä–∞–∫—Ç–∏—á–µ—Å–∫–∞—è —Å—Ç–∞—Ç–∏—Å—Ç–∏–∫–∞ –¥–ª—è —Å–ø–µ—Ü–∏–∞–ª–∏—Å—Ç–æ–≤ Data Science,2022-11-07T14:49:29Z,NEUTRAL,0.8284438848495483
üëçüëçüëç,2022-11-07T14:44:33Z,POSITIVE,0.5916711091995239
–ü—Ä–∞–∫—Ç–∏—á–µ—Å–∫–∞—è —Å—Ç–∞—Ç–∏—Å—Ç–∏–∫–∞ –¥–ª—è —Å–ø–µ—Ü–∏–∞–ª–∏—Å—Ç–æ–≤ Data Science,2022-11-07T14:38:17Z,NEUTRAL,0.8284438848495483
–ö–æ–Ω–∫—É—Ä—Å: –ù–µ–æ–±—Ö–æ–¥–∏–º–∞—è –º–∞—Ç–µ–º–∞—Ç–∏–∫–∞ –¥–ª—è Data Science –¢–æ–º–∞—Å –ù–∏–ª–¥,2022-11-07T14:26:57Z,NEUTRAL,0.8292148113250732
"–ü—Ä–∞–∫—Ç–∏—á–µ—Å–∫–∞—è —Å—Ç–∞—Ç–∏—Å—Ç–∏–∫–∞ –¥–ª—è —Å–ø–µ—Ü–∏–∞–ª–∏—Å—Ç–æ–≤ Data Science. –ü–∏—Ç–µ—Ä –ë—Ä—é—Å, –≠–Ω–¥—Ä—é –ë—Ä—é—Å, –ü–∏—Ç–µ—Ä –ì–µ–¥–µ–∫.  –°–ø–∞—Å–∏–±–æ –≤–∞–º –∑–∞ –ø–æ–¥–±–æ—Ä –Ω—É–∂–Ω—ã—Ö –∫–Ω–∏–≥ –∏ –∑–∞ –∏–Ω—Ç–µ—Ä–µ—Å–Ω–æ–µ –≤–∏–¥–µ–æüòä",2022-11-07T14:26:10Z,POSITIVE,0.553292989730835
"–°–ø–∞—Å–∏–±–æ –∑–∞ —Ç–æ, —á—Ç–æ —É–¥–µ–ª–∏–ª–∏ –≤–Ω–∏–º–∞–Ω–∏–µ —Ä–∞–∑–±–æ—Ä—É –∫–Ω–∏–≥   –û—Ç–≤–µ—Ç: –ü—Ä–∞–∫—Ç–∏—á–µ—Å–∫–∞—è —Å—Ç–∞—Ç–∏—Å—Ç–∏–∫–∞ –¥–ª—è —Å–ø–µ—Ü–∏–∞–ª–∏—Å—Ç–æ–≤ Data Science",2022-11-07T14:21:55Z,POSITIVE,0.9544379711151123
"""–ü—Ä–∞–∫—Ç–∏—á–µ—Å–∫–∞—è —Å—Ç–∞—Ç–∏—Å—Ç–∏–∫–∞ –¥–ª—è —Å–ø–µ—Ü–∏–∞–ª–∏—Å—Ç–æ–≤ Data Science"".  –ö–ª–∞—Å—Å–Ω–∞—è –ø–æ–¥–±–æ—Ä–∫–∞, —Å–ø–∞—Å–∏–±–æ –∑–∞ –≤–∏–¥–µ–æ!",2022-11-07T13:56:24Z,POSITIVE,0.9491176009178162
"–•–æ—Ç–µ–ª –±—ã –µ—â—ë –ø–æ—Ä–µ–∫–æ–º–µ–Ω–¥–æ–≤–∞—Ç—å –∫–Ω–∏–≥—É ""Python –∏ –∞–Ω–∞–ª–∏–∑ –¥–∞–Ω–Ω—ã—Ö"" | –ú–∞–∫–∫–∏–Ω–∏ –£—ç—Å. –ê–≤—Ç–æ—Ä –∫–Ω–∏–≥–∏, —Å–æ–±—Å—Ç–≤–µ–Ω–Ω–æ, –∞–≤—Ç–æ—Ä –±–∏–±–ª–∏–æ—Ç–µ–∫–∏ Pandas. –ò —ç—Ç–∞ –±–∏–±–ª–∏–æ—Ç–µ–∫–∞ –æ—á–µ–Ω—å –ø–æ–¥—Ä–æ–±–Ω–æ —Ä–∞–∑–æ–±—Ä–∞–Ω–∞ –≤ –∫–Ω–∏–≥–µ. –ú–æ–∂–Ω–æ —Å–∫–∞–∑–∞—Ç—å ‚Äì —É—á–µ–±–Ω–∏–∫ –ø–æ Pandas. –¢–∞–∫ –∂–µ –≤ –∫–Ω–∏–≥–µ –æ—Å–≤–µ—â–∞–µ—Ç—Å—è  NumPy. –ö–∞–∫ –≥–æ–≤–æ—Ä–∏—Ç—å—Å—è: ""–ú–æ–π —Ä–µ–∫–æ–º–µ–Ω–¥–æ—Å—å—ë–Ω""!",2022-11-07T13:07:07Z,NEUTRAL,0.6601881980895996
"–ü—Ä–∞–∫—Ç–∏—á–µ—Å–∫–∞—è —Å—Ç–∞—Ç–∏—Å—Ç–∏–∫–∞ –¥–ª—è Data science –ü–∏—Ç–µ—Ä –ë—Ä—é—Å, –≠–Ω–¥—Ä—é –ë—Ä—é—Å, –ü–∏—Ç–µ—Ä –ì–µ–¥–µ–∫",2022-11-07T13:05:18Z,NEUTRAL,0.8208516240119934
"–ü—Ä–∞–∫—Ç–∏—á–µ—Å–∫–∞—è —Å—Ç–∞—Ç–∏—Å—Ç–∏–∫–∞ –¥–ª—è —Å–ø–µ—Ü–∏–∞–ª–∏—Å—Ç–æ–≤ Data Science –ü–∏—Ç–µ—Ä –ë—Ä—é—Å, –ü–∏—Ç–µ—Ä –ì–µ–¥–µ–∫, –≠–Ω–¥—Ä—é –ë—Ä—é—Å",2022-11-07T12:46:35Z,NEUTRAL,0.821113646030426
–ü—Ä–∞–∫—Ç–∏—á–µ—Å–∫–∞—è —Å—Ç–∞—Ç–∏—Å—Ç–∏–∫–∞ –¥–ª—è —Å–ø–µ—Ü–∏–∞–ª–∏—Å—Ç–æ–≤ Data Science. –°–ø–∞—Å–∏–±–æ –∑–∞ —Ö–æ—Ä–æ—à—É—é –ø–æ–¥–±–æ—Ä–∫—É –∫–Ω–∏–≥.,2022-11-07T12:45:01Z,POSITIVE,0.9546443819999695
–°–ø–∞—Å–∏–±–æ. –ò–Ω—Ç–µ—Ä–µ—Å–æ–≤–∞–ª—Å—è –Ω–µ–¥–∞–≤–Ω–æ –∏–º–µ–Ω–Ω–æ –æ –∫–Ω–∏–≥–∞—Ö –¥–ª—è data science.,2022-11-07T12:35:52Z,POSITIVE,0.9519969820976257
"–ü—Ä–∞–∫—Ç–∏—á–µ—Å–∫–∞—è —Å—Ç–∞—Ç–∏—Å—Ç–∏–∫–∞ –¥–ª—è —Å–ø–µ—Ü–∏–∞–ª–∏—Å—Ç–æ–≤ Data Science –ü–∏—Ç–µ—Ä –ë—Ä—é—Å –ü–∏—Ç–µ—Ä –ì–µ–¥–µ–∫ –≠–Ω–¥—Ä—é –ë—Ä—é—Å, —è–≤–ª—è–µ—Ç—Å—è –±–µ—Å—Ç—Å–µ–ª–ª–µ—Ä–æ–º —Å—Ä–µ–¥–∏ –∫–Ω–∏–≥ –ø–æ —Å—Ç–∞—Ç–∏—Å—Ç–∏–∫–µ Python –∏ R –≤—ã–±–∏—Ä–∞–π, –≤—Å–µ —É–¥–æ–±—Å—Ç–≤–∞",2022-11-07T12:24:03Z,NEUTRAL,0.8212459683418274
–ü—Ä–∞–∫—Ç–∏—á–µ—Å–∫–∞—è —Å—Ç–∞—Ç–∏—Å—Ç–∏–∫–∞ –¥–ª—è —Å–ø–µ—Ü–∏–∞–ª–∏—Å—Ç–æ–≤ Data Science –ü–∏—Ç–µ—Ä –ë—Ä—é—Å –ü–∏—Ç–µ—Ä –ì–µ–¥–µ–∫ –≠–Ω–¥—Ä—é –ë—Ä—é—Å,2022-11-07T12:19:18Z,NEUTRAL,0.8210787177085876
–ü—Ä–∞–∫—Ç–∏—á–µ—Å–∫–∞—è —Å—Ç–∞—Ç–∏—Å—Ç–∏–∫–∞ –¥–ª—è —Å–ø–µ—Ü–∏–∞–ª–∏—Å—Ç–æ–≤ Data Science!,2022-11-07T12:07:06Z,NEUTRAL,0.8149620294570923
+,2022-11-07T12:05:49Z,POSITIVE,0.9647075533866882
